"Reference","Qty","Value","DNP","Exclude from BOM","Exclude from Board","Footprint","Datasheet"
"C1,C2","2","100pF 1%","","","","Capacitor_SMD:C_0201_0603Metric","https://www.lcsc.com/product-detail/C49055495.html"
"C10,C11,C14,C15","4","1uF","","","","Capacitor_SMD:C_0402_1005Metric","https://www.lcsc.com/product-detail/C49247060.html"
"C12,C22,C25,C26,C27,C28,C33,C36,C39","9","100nF","","","","Capacitor_SMD:C_0402_1005Metric","https://www.lcsc.com/product-detail/C880604.html"
"C13,C21,C38","3","330nF","","","","Capacitor_SMD:C_0603_1608Metric","https://www.lcsc.com/product-detail/C5254683.html"
"C23,C37","2","100uF","","","","Capacitor_THT:CP_Radial_D5.0mm_P2.00mm","https://www.lcsc.com/product-detail/C25503906.html"
"C24,C30,C31,C34,C35","5","10nF 1%","","","","Capacitor_SMD:C_0603_1608Metric","https://www.lcsc.com/product-detail/C3836718.html"
"C29,C32","2","100nF 1%","","","","Capacitor_SMD:C_0402_1005Metric","https://www.lcsc.com/product-detail/C5448843.html"
"D2","1","LED","","","","LED_SMD:LED_0603_1608Metric_Pad1.05x0.95mm_HandSolder","https://www.lcsc.com/product-detail/C52675990.html"
"J1,J2,J3,J4,J5,J6,J7,J8","8","2601-1102","","","","Wago 2601 1102:26011102","https://www.wago.com/2601-1102"
"L3,L4","2","22uH","","","","project_lcsc_parts:XRNRS3015","https://www.lcsc.com/product-detail/C5289315.html"
"R1","1","12 Ohm ± 0.01 %","","","","Resistor_SMD:R_0805_2012Metric","https://www.lcsc.com/product-detail/C2828717.html"
"R5","1","280 Ohm","","","","Resistor_SMD:R_0402_1005Metric_Pad0.72x0.64mm_HandSolder","https://www.lcsc.com/product-detail/C49254104.html"
"R8,R17","2","10k","","","","Resistor_SMD:R_0402_1005Metric_Pad0.72x0.64mm_HandSolder","https://www.lcsc.com/product-detail/C3015976.html"
"R9,R10,R11,R12","4","1k ± 0.02 %","","","","Resistor_SMD:R_0603_1608Metric","https://www.lcsc.com/product-detail/C42404612.html"
"R13,R14,R15,R16,R18","5","47 Ohm","","","","Resistor_SMD:R_0402_1005Metric_Pad0.72x0.64mm_HandSolder","https://www.lcsc.com/product-detail/C5379827.html"
"U1","1","XINA851RGTR","","","","INA851:VQFN16_RGT_TEX","https://www.ti.com/lit/ds/symlink/ina851.pdf"
"U2","1","DS8572","","","","Package_TO_SOT_SMD:SOT-23-5","https://www.lcsc.com/product-detail/C48533032.html"
"U3","1","JTD6206-25","","","","Package_TO_SOT_SMD:SOT-23","https://www.lcsc.com/product-detail/C42443425.html"
"U4","1","MG78L05AT3","","","","Package_TO_SOT_SMD:SOT-23-3","https://www.lcsc.com/product-detail/C42411006.html"
"U5","1","L78L09_SOT89","","","","Package_TO_SOT_SMD:SOT-89-3","https://www.lcsc.com/product-detail/C42370412.html"
"U6","1","79L09U","","","","Package_TO_SOT_SMD:SOT-89-3","https://www.lcsc.com/product-detail/C2880153.html"
"U7","1","ADS1220IPW","","","","ADS1220:PW16","https://www.ti.com/lit/gpn/ads1220"
